<?xml version="1.0" encoding="utf-8"?>
<!DOCTYPE install PUBLIC "-//Joomla! 2.5//DTD template 1.0//EN" "http://www.joomla.org/xml/dtd/2.5/template-install.dtd">
<extension version="3.1" type="tz_portfolio_plus-template" method="upgrade">
    <name>tz_auto_showroom</name>
    <version>1.0</version>
    <creationDate>May 13th 2017</creationDate>
    <author>TuanNATemplaza</author>
    <authorEmail>info@templaza.com</authorEmail>
    <authorUrl>www.templaza.com</authorUrl>
    <copyright>Copyright (C) 2015 TemPlaza. All rights reserved.</copyright>
	<license>GNU General Public License version 2 or later; see LICENSE.txt</license>
    <description>TZ_PORTFOLIO_PLUS_TPL_XML_DESCRIPTION</description>
    <files>
        <folder>css</folder>
        <folder>html</folder>
        <folder>images</folder>
        <folder>language</folder>
        <folder>js</folder>
        <filename>index.html</filename>
        <filename>template.php</filename>
        <filename>template.xml</filename>
    </files>
    <config>
        <fields name="params">
            <fieldset name="basic">
                <field type="radio" name="load_style"
                       default="0" class="btn-group"
                       label="TPL_SYSTEM_LOAD_STYLE_LABEL">
                    <option value="1">JYES</option>
                    <option value="0">JNO</option>
                </field>
            </fieldset>
        </fields>
    </config>
</extension>
